field,Author_attribute
contributors_enabled,False
created_at,2009-03-18 13:46:38
default_profile,False
default_profile_image,False
description,45th President of the United States of America??
favourites_count,25
follow,"<bound method User.follow of User(_api=<tweepy.api.API object at 0x0000020744B16668>, _json={'id': 25073877, 'id_str': '25073877', 'name': 'Donald J. Trump', 'screen_name': 'realDonaldTrump', 'location': 'Washington, DC', 'description': '45th President of the United States of America??', 'url': 'https://t.co/OMxB0x7xC5', 'entities': {'url': {'urls': [{'url': 'https://t.co/OMxB0x7xC5', 'expanded_url': 'http://www.Instagram.com/realDonaldTrump', 'display_url': 'Instagram.com/realDonaldTrump', 'indices': [0, 23]}]}, 'description': {'urls': []}}, 'protected': False, 'followers_count': 55128105, 'friends_count': 47, 'listed_count': 94784, 'created_at': 'Wed Mar 18 13:46:38 +0000 2009', 'favourites_count': 25, 'utc_offset': None, 'time_zone': None, 'geo_enabled': True, 'verified': True, 'statuses_count': 39274, 'lang': 'en', 'contributors_enabled': False, 'is_translator': False, 'is_translation_enabled': True, 'profile_background_color': '6D5C18', 'profile_background_image_url': 'http://abs.twimg.com/images/themes/theme1/bg.png', 'profile_background_image_url_https': 'https://abs.twimg.com/images/themes/theme1/bg.png', 'profile_background_tile': True, 'profile_image_url': 'http://pbs.twimg.com/profile_images/874276197357596672/kUuht00m_normal.jpg', 'profile_image_url_https': 'https://pbs.twimg.com/profile_images/874276197357596672/kUuht00m_normal.jpg', 'profile_banner_url': 'https://pbs.twimg.com/profile_banners/25073877/1539493274', 'profile_link_color': '1B95E0', 'profile_sidebar_border_color': 'BDDCAD', 'profile_sidebar_fill_color': 'C5CEC0', 'profile_text_color': '333333', 'profile_use_background_image': True, 'has_extended_profile': False, 'default_profile': False, 'default_profile_image': False, 'following': False, 'follow_request_sent': False, 'notifications': False, 'translator_type': 'regular'}, id=25073877, id_str='25073877', name='Donald J. Trump', screen_name='realDonaldTrump', location='Washington, DC', description='45th President of the United States of America??', url='https://t.co/OMxB0x7xC5', entities={'url': {'urls': [{'url': 'https://t.co/OMxB0x7xC5', 'expanded_url': 'http://www.Instagram.com/realDonaldTrump', 'display_url': 'Instagram.com/realDonaldTrump', 'indices': [0, 23]}]}, 'description': {'urls': []}}, protected=False, followers_count=55128105, friends_count=47, listed_count=94784, created_at=datetime.datetime(2009, 3, 18, 13, 46, 38), favourites_count=25, utc_offset=None, time_zone=None, geo_enabled=True, verified=True, statuses_count=39274, lang='en', contributors_enabled=False, is_translator=False, is_translation_enabled=True, profile_background_color='6D5C18', profile_background_image_url='http://abs.twimg.com/images/themes/theme1/bg.png', profile_background_image_url_https='https://abs.twimg.com/images/themes/theme1/bg.png', profile_background_tile=True, profile_image_url='http://pbs.twimg.com/profile_images/874276197357596672/kUuht00m_normal.jpg', profile_image_url_https='https://pbs.twimg.com/profile_images/874276197357596672/kUuht00m_normal.jpg', profile_banner_url='https://pbs.twimg.com/profile_banners/25073877/1539493274', profile_link_color='1B95E0', profile_sidebar_border_color='BDDCAD', profile_sidebar_fill_color='C5CEC0', profile_text_color='333333', profile_use_background_image=True, has_extended_profile=False, default_profile=False, default_profile_image=False, following=False, follow_request_sent=False, notifications=False, translator_type='regular')>"
follow_request_sent,False
followers,"<bound method User.followers of User(_api=<tweepy.api.API object at 0x0000020744B16668>, _json={'id': 25073877, 'id_str': '25073877', 'name': 'Donald J. Trump', 'screen_name': 'realDonaldTrump', 'location': 'Washington, DC', 'description': '45th President of the United States of America??', 'url': 'https://t.co/OMxB0x7xC5', 'entities': {'url': {'urls': [{'url': 'https://t.co/OMxB0x7xC5', 'expanded_url': 'http://www.Instagram.com/realDonaldTrump', 'display_url': 'Instagram.com/realDonaldTrump', 'indices': [0, 23]}]}, 'description': {'urls': []}}, 'protected': False, 'followers_count': 55128105, 'friends_count': 47, 'listed_count': 94784, 'created_at': 'Wed Mar 18 13:46:38 +0000 2009', 'favourites_count': 25, 'utc_offset': None, 'time_zone': None, 'geo_enabled': True, 'verified': True, 'statuses_count': 39274, 'lang': 'en', 'contributors_enabled': False, 'is_translator': False, 'is_translation_enabled': True, 'profile_background_color': '6D5C18', 'profile_background_image_url': 'http://abs.twimg.com/images/themes/theme1/bg.png', 'profile_background_image_url_https': 'https://abs.twimg.com/images/themes/theme1/bg.png', 'profile_background_tile': True, 'profile_image_url': 'http://pbs.twimg.com/profile_images/874276197357596672/kUuht00m_normal.jpg', 'profile_image_url_https': 'https://pbs.twimg.com/profile_images/874276197357596672/kUuht00m_normal.jpg', 'profile_banner_url': 'https://pbs.twimg.com/profile_banners/25073877/1539493274', 'profile_link_color': '1B95E0', 'profile_sidebar_border_color': 'BDDCAD', 'profile_sidebar_fill_color': 'C5CEC0', 'profile_text_color': '333333', 'profile_use_background_image': True, 'has_extended_profile': False, 'default_profile': False, 'default_profile_image': False, 'following': False, 'follow_request_sent': False, 'notifications': False, 'translator_type': 'regular'}, id=25073877, id_str='25073877', name='Donald J. Trump', screen_name='realDonaldTrump', location='Washington, DC', description='45th President of the United States of America??', url='https://t.co/OMxB0x7xC5', entities={'url': {'urls': [{'url': 'https://t.co/OMxB0x7xC5', 'expanded_url': 'http://www.Instagram.com/realDonaldTrump', 'display_url': 'Instagram.com/realDonaldTrump', 'indices': [0, 23]}]}, 'description': {'urls': []}}, protected=False, followers_count=55128105, friends_count=47, listed_count=94784, created_at=datetime.datetime(2009, 3, 18, 13, 46, 38), favourites_count=25, utc_offset=None, time_zone=None, geo_enabled=True, verified=True, statuses_count=39274, lang='en', contributors_enabled=False, is_translator=False, is_translation_enabled=True, profile_background_color='6D5C18', profile_background_image_url='http://abs.twimg.com/images/themes/theme1/bg.png', profile_background_image_url_https='https://abs.twimg.com/images/themes/theme1/bg.png', profile_background_tile=True, profile_image_url='http://pbs.twimg.com/profile_images/874276197357596672/kUuht00m_normal.jpg', profile_image_url_https='https://pbs.twimg.com/profile_images/874276197357596672/kUuht00m_normal.jpg', profile_banner_url='https://pbs.twimg.com/profile_banners/25073877/1539493274', profile_link_color='1B95E0', profile_sidebar_border_color='BDDCAD', profile_sidebar_fill_color='C5CEC0', profile_text_color='333333', profile_use_background_image=True, has_extended_profile=False, default_profile=False, default_profile_image=False, following=False, follow_request_sent=False, notifications=False, translator_type='regular')>"
followers_count,55128105
followers_ids,"<bound method User.followers_ids of User(_api=<tweepy.api.API object at 0x0000020744B16668>, _json={'id': 25073877, 'id_str': '25073877', 'name': 'Donald J. Trump', 'screen_name': 'realDonaldTrump', 'location': 'Washington, DC', 'description': '45th President of the United States of America??', 'url': 'https://t.co/OMxB0x7xC5', 'entities': {'url': {'urls': [{'url': 'https://t.co/OMxB0x7xC5', 'expanded_url': 'http://www.Instagram.com/realDonaldTrump', 'display_url': 'Instagram.com/realDonaldTrump', 'indices': [0, 23]}]}, 'description': {'urls': []}}, 'protected': False, 'followers_count': 55128105, 'friends_count': 47, 'listed_count': 94784, 'created_at': 'Wed Mar 18 13:46:38 +0000 2009', 'favourites_count': 25, 'utc_offset': None, 'time_zone': None, 'geo_enabled': True, 'verified': True, 'statuses_count': 39274, 'lang': 'en', 'contributors_enabled': False, 'is_translator': False, 'is_translation_enabled': True, 'profile_background_color': '6D5C18', 'profile_background_image_url': 'http://abs.twimg.com/images/themes/theme1/bg.png', 'profile_background_image_url_https': 'https://abs.twimg.com/images/themes/theme1/bg.png', 'profile_background_tile': True, 'profile_image_url': 'http://pbs.twimg.com/profile_images/874276197357596672/kUuht00m_normal.jpg', 'profile_image_url_https': 'https://pbs.twimg.com/profile_images/874276197357596672/kUuht00m_normal.jpg', 'profile_banner_url': 'https://pbs.twimg.com/profile_banners/25073877/1539493274', 'profile_link_color': '1B95E0', 'profile_sidebar_border_color': 'BDDCAD', 'profile_sidebar_fill_color': 'C5CEC0', 'profile_text_color': '333333', 'profile_use_background_image': True, 'has_extended_profile': False, 'default_profile': False, 'default_profile_image': False, 'following': False, 'follow_request_sent': False, 'notifications': False, 'translator_type': 'regular'}, id=25073877, id_str='25073877', name='Donald J. Trump', screen_name='realDonaldTrump', location='Washington, DC', description='45th President of the United States of America??', url='https://t.co/OMxB0x7xC5', entities={'url': {'urls': [{'url': 'https://t.co/OMxB0x7xC5', 'expanded_url': 'http://www.Instagram.com/realDonaldTrump', 'display_url': 'Instagram.com/realDonaldTrump', 'indices': [0, 23]}]}, 'description': {'urls': []}}, protected=False, followers_count=55128105, friends_count=47, listed_count=94784, created_at=datetime.datetime(2009, 3, 18, 13, 46, 38), favourites_count=25, utc_offset=None, time_zone=None, geo_enabled=True, verified=True, statuses_count=39274, lang='en', contributors_enabled=False, is_translator=False, is_translation_enabled=True, profile_background_color='6D5C18', profile_background_image_url='http://abs.twimg.com/images/themes/theme1/bg.png', profile_background_image_url_https='https://abs.twimg.com/images/themes/theme1/bg.png', profile_background_tile=True, profile_image_url='http://pbs.twimg.com/profile_images/874276197357596672/kUuht00m_normal.jpg', profile_image_url_https='https://pbs.twimg.com/profile_images/874276197357596672/kUuht00m_normal.jpg', profile_banner_url='https://pbs.twimg.com/profile_banners/25073877/1539493274', profile_link_color='1B95E0', profile_sidebar_border_color='BDDCAD', profile_sidebar_fill_color='C5CEC0', profile_text_color='333333', profile_use_background_image=True, has_extended_profile=False, default_profile=False, default_profile_image=False, following=False, follow_request_sent=False, notifications=False, translator_type='regular')>"
following,False
friends,"<bound method User.friends of User(_api=<tweepy.api.API object at 0x0000020744B16668>, _json={'id': 25073877, 'id_str': '25073877', 'name': 'Donald J. Trump', 'screen_name': 'realDonaldTrump', 'location': 'Washington, DC', 'description': '45th President of the United States of America??', 'url': 'https://t.co/OMxB0x7xC5', 'entities': {'url': {'urls': [{'url': 'https://t.co/OMxB0x7xC5', 'expanded_url': 'http://www.Instagram.com/realDonaldTrump', 'display_url': 'Instagram.com/realDonaldTrump', 'indices': [0, 23]}]}, 'description': {'urls': []}}, 'protected': False, 'followers_count': 55128105, 'friends_count': 47, 'listed_count': 94784, 'created_at': 'Wed Mar 18 13:46:38 +0000 2009', 'favourites_count': 25, 'utc_offset': None, 'time_zone': None, 'geo_enabled': True, 'verified': True, 'statuses_count': 39274, 'lang': 'en', 'contributors_enabled': False, 'is_translator': False, 'is_translation_enabled': True, 'profile_background_color': '6D5C18', 'profile_background_image_url': 'http://abs.twimg.com/images/themes/theme1/bg.png', 'profile_background_image_url_https': 'https://abs.twimg.com/images/themes/theme1/bg.png', 'profile_background_tile': True, 'profile_image_url': 'http://pbs.twimg.com/profile_images/874276197357596672/kUuht00m_normal.jpg', 'profile_image_url_https': 'https://pbs.twimg.com/profile_images/874276197357596672/kUuht00m_normal.jpg', 'profile_banner_url': 'https://pbs.twimg.com/profile_banners/25073877/1539493274', 'profile_link_color': '1B95E0', 'profile_sidebar_border_color': 'BDDCAD', 'profile_sidebar_fill_color': 'C5CEC0', 'profile_text_color': '333333', 'profile_use_background_image': True, 'has_extended_profile': False, 'default_profile': False, 'default_profile_image': False, 'following': False, 'follow_request_sent': False, 'notifications': False, 'translator_type': 'regular'}, id=25073877, id_str='25073877', name='Donald J. Trump', screen_name='realDonaldTrump', location='Washington, DC', description='45th President of the United States of America??', url='https://t.co/OMxB0x7xC5', entities={'url': {'urls': [{'url': 'https://t.co/OMxB0x7xC5', 'expanded_url': 'http://www.Instagram.com/realDonaldTrump', 'display_url': 'Instagram.com/realDonaldTrump', 'indices': [0, 23]}]}, 'description': {'urls': []}}, protected=False, followers_count=55128105, friends_count=47, listed_count=94784, created_at=datetime.datetime(2009, 3, 18, 13, 46, 38), favourites_count=25, utc_offset=None, time_zone=None, geo_enabled=True, verified=True, statuses_count=39274, lang='en', contributors_enabled=False, is_translator=False, is_translation_enabled=True, profile_background_color='6D5C18', profile_background_image_url='http://abs.twimg.com/images/themes/theme1/bg.png', profile_background_image_url_https='https://abs.twimg.com/images/themes/theme1/bg.png', profile_background_tile=True, profile_image_url='http://pbs.twimg.com/profile_images/874276197357596672/kUuht00m_normal.jpg', profile_image_url_https='https://pbs.twimg.com/profile_images/874276197357596672/kUuht00m_normal.jpg', profile_banner_url='https://pbs.twimg.com/profile_banners/25073877/1539493274', profile_link_color='1B95E0', profile_sidebar_border_color='BDDCAD', profile_sidebar_fill_color='C5CEC0', profile_text_color='333333', profile_use_background_image=True, has_extended_profile=False, default_profile=False, default_profile_image=False, following=False, follow_request_sent=False, notifications=False, translator_type='regular')>"
friends_count,47
geo_enabled,True
has_extended_profile,False
id,25073877
id_str,25073877
is_translation_enabled,True
is_translator,False
lang,en
listed_count,94784
lists,"<bound method User.lists of User(_api=<tweepy.api.API object at 0x0000020744B16668>, _json={'id': 25073877, 'id_str': '25073877', 'name': 'Donald J. Trump', 'screen_name': 'realDonaldTrump', 'location': 'Washington, DC', 'description': '45th President of the United States of America??', 'url': 'https://t.co/OMxB0x7xC5', 'entities': {'url': {'urls': [{'url': 'https://t.co/OMxB0x7xC5', 'expanded_url': 'http://www.Instagram.com/realDonaldTrump', 'display_url': 'Instagram.com/realDonaldTrump', 'indices': [0, 23]}]}, 'description': {'urls': []}}, 'protected': False, 'followers_count': 55128105, 'friends_count': 47, 'listed_count': 94784, 'created_at': 'Wed Mar 18 13:46:38 +0000 2009', 'favourites_count': 25, 'utc_offset': None, 'time_zone': None, 'geo_enabled': True, 'verified': True, 'statuses_count': 39274, 'lang': 'en', 'contributors_enabled': False, 'is_translator': False, 'is_translation_enabled': True, 'profile_background_color': '6D5C18', 'profile_background_image_url': 'http://abs.twimg.com/images/themes/theme1/bg.png', 'profile_background_image_url_https': 'https://abs.twimg.com/images/themes/theme1/bg.png', 'profile_background_tile': True, 'profile_image_url': 'http://pbs.twimg.com/profile_images/874276197357596672/kUuht00m_normal.jpg', 'profile_image_url_https': 'https://pbs.twimg.com/profile_images/874276197357596672/kUuht00m_normal.jpg', 'profile_banner_url': 'https://pbs.twimg.com/profile_banners/25073877/1539493274', 'profile_link_color': '1B95E0', 'profile_sidebar_border_color': 'BDDCAD', 'profile_sidebar_fill_color': 'C5CEC0', 'profile_text_color': '333333', 'profile_use_background_image': True, 'has_extended_profile': False, 'default_profile': False, 'default_profile_image': False, 'following': False, 'follow_request_sent': False, 'notifications': False, 'translator_type': 'regular'}, id=25073877, id_str='25073877', name='Donald J. Trump', screen_name='realDonaldTrump', location='Washington, DC', description='45th President of the United States of America??', url='https://t.co/OMxB0x7xC5', entities={'url': {'urls': [{'url': 'https://t.co/OMxB0x7xC5', 'expanded_url': 'http://www.Instagram.com/realDonaldTrump', 'display_url': 'Instagram.com/realDonaldTrump', 'indices': [0, 23]}]}, 'description': {'urls': []}}, protected=False, followers_count=55128105, friends_count=47, listed_count=94784, created_at=datetime.datetime(2009, 3, 18, 13, 46, 38), favourites_count=25, utc_offset=None, time_zone=None, geo_enabled=True, verified=True, statuses_count=39274, lang='en', contributors_enabled=False, is_translator=False, is_translation_enabled=True, profile_background_color='6D5C18', profile_background_image_url='http://abs.twimg.com/images/themes/theme1/bg.png', profile_background_image_url_https='https://abs.twimg.com/images/themes/theme1/bg.png', profile_background_tile=True, profile_image_url='http://pbs.twimg.com/profile_images/874276197357596672/kUuht00m_normal.jpg', profile_image_url_https='https://pbs.twimg.com/profile_images/874276197357596672/kUuht00m_normal.jpg', profile_banner_url='https://pbs.twimg.com/profile_banners/25073877/1539493274', profile_link_color='1B95E0', profile_sidebar_border_color='BDDCAD', profile_sidebar_fill_color='C5CEC0', profile_text_color='333333', profile_use_background_image=True, has_extended_profile=False, default_profile=False, default_profile_image=False, following=False, follow_request_sent=False, notifications=False, translator_type='regular')>"
lists_memberships,"<bound method User.lists_memberships of User(_api=<tweepy.api.API object at 0x0000020744B16668>, _json={'id': 25073877, 'id_str': '25073877', 'name': 'Donald J. Trump', 'screen_name': 'realDonaldTrump', 'location': 'Washington, DC', 'description': '45th President of the United States of America??', 'url': 'https://t.co/OMxB0x7xC5', 'entities': {'url': {'urls': [{'url': 'https://t.co/OMxB0x7xC5', 'expanded_url': 'http://www.Instagram.com/realDonaldTrump', 'display_url': 'Instagram.com/realDonaldTrump', 'indices': [0, 23]}]}, 'description': {'urls': []}}, 'protected': False, 'followers_count': 55128105, 'friends_count': 47, 'listed_count': 94784, 'created_at': 'Wed Mar 18 13:46:38 +0000 2009', 'favourites_count': 25, 'utc_offset': None, 'time_zone': None, 'geo_enabled': True, 'verified': True, 'statuses_count': 39274, 'lang': 'en', 'contributors_enabled': False, 'is_translator': False, 'is_translation_enabled': True, 'profile_background_color': '6D5C18', 'profile_background_image_url': 'http://abs.twimg.com/images/themes/theme1/bg.png', 'profile_background_image_url_https': 'https://abs.twimg.com/images/themes/theme1/bg.png', 'profile_background_tile': True, 'profile_image_url': 'http://pbs.twimg.com/profile_images/874276197357596672/kUuht00m_normal.jpg', 'profile_image_url_https': 'https://pbs.twimg.com/profile_images/874276197357596672/kUuht00m_normal.jpg', 'profile_banner_url': 'https://pbs.twimg.com/profile_banners/25073877/1539493274', 'profile_link_color': '1B95E0', 'profile_sidebar_border_color': 'BDDCAD', 'profile_sidebar_fill_color': 'C5CEC0', 'profile_text_color': '333333', 'profile_use_background_image': True, 'has_extended_profile': False, 'default_profile': False, 'default_profile_image': False, 'following': False, 'follow_request_sent': False, 'notifications': False, 'translator_type': 'regular'}, id=25073877, id_str='25073877', name='Donald J. Trump', screen_name='realDonaldTrump', location='Washington, DC', description='45th President of the United States of America??', url='https://t.co/OMxB0x7xC5', entities={'url': {'urls': [{'url': 'https://t.co/OMxB0x7xC5', 'expanded_url': 'http://www.Instagram.com/realDonaldTrump', 'display_url': 'Instagram.com/realDonaldTrump', 'indices': [0, 23]}]}, 'description': {'urls': []}}, protected=False, followers_count=55128105, friends_count=47, listed_count=94784, created_at=datetime.datetime(2009, 3, 18, 13, 46, 38), favourites_count=25, utc_offset=None, time_zone=None, geo_enabled=True, verified=True, statuses_count=39274, lang='en', contributors_enabled=False, is_translator=False, is_translation_enabled=True, profile_background_color='6D5C18', profile_background_image_url='http://abs.twimg.com/images/themes/theme1/bg.png', profile_background_image_url_https='https://abs.twimg.com/images/themes/theme1/bg.png', profile_background_tile=True, profile_image_url='http://pbs.twimg.com/profile_images/874276197357596672/kUuht00m_normal.jpg', profile_image_url_https='https://pbs.twimg.com/profile_images/874276197357596672/kUuht00m_normal.jpg', profile_banner_url='https://pbs.twimg.com/profile_banners/25073877/1539493274', profile_link_color='1B95E0', profile_sidebar_border_color='BDDCAD', profile_sidebar_fill_color='C5CEC0', profile_text_color='333333', profile_use_background_image=True, has_extended_profile=False, default_profile=False, default_profile_image=False, following=False, follow_request_sent=False, notifications=False, translator_type='regular')>"
lists_subscriptions,"<bound method User.lists_subscriptions of User(_api=<tweepy.api.API object at 0x0000020744B16668>, _json={'id': 25073877, 'id_str': '25073877', 'name': 'Donald J. Trump', 'screen_name': 'realDonaldTrump', 'location': 'Washington, DC', 'description': '45th President of the United States of America??', 'url': 'https://t.co/OMxB0x7xC5', 'entities': {'url': {'urls': [{'url': 'https://t.co/OMxB0x7xC5', 'expanded_url': 'http://www.Instagram.com/realDonaldTrump', 'display_url': 'Instagram.com/realDonaldTrump', 'indices': [0, 23]}]}, 'description': {'urls': []}}, 'protected': False, 'followers_count': 55128105, 'friends_count': 47, 'listed_count': 94784, 'created_at': 'Wed Mar 18 13:46:38 +0000 2009', 'favourites_count': 25, 'utc_offset': None, 'time_zone': None, 'geo_enabled': True, 'verified': True, 'statuses_count': 39274, 'lang': 'en', 'contributors_enabled': False, 'is_translator': False, 'is_translation_enabled': True, 'profile_background_color': '6D5C18', 'profile_background_image_url': 'http://abs.twimg.com/images/themes/theme1/bg.png', 'profile_background_image_url_https': 'https://abs.twimg.com/images/themes/theme1/bg.png', 'profile_background_tile': True, 'profile_image_url': 'http://pbs.twimg.com/profile_images/874276197357596672/kUuht00m_normal.jpg', 'profile_image_url_https': 'https://pbs.twimg.com/profile_images/874276197357596672/kUuht00m_normal.jpg', 'profile_banner_url': 'https://pbs.twimg.com/profile_banners/25073877/1539493274', 'profile_link_color': '1B95E0', 'profile_sidebar_border_color': 'BDDCAD', 'profile_sidebar_fill_color': 'C5CEC0', 'profile_text_color': '333333', 'profile_use_background_image': True, 'has_extended_profile': False, 'default_profile': False, 'default_profile_image': False, 'following': False, 'follow_request_sent': False, 'notifications': False, 'translator_type': 'regular'}, id=25073877, id_str='25073877', name='Donald J. Trump', screen_name='realDonaldTrump', location='Washington, DC', description='45th President of the United States of America??', url='https://t.co/OMxB0x7xC5', entities={'url': {'urls': [{'url': 'https://t.co/OMxB0x7xC5', 'expanded_url': 'http://www.Instagram.com/realDonaldTrump', 'display_url': 'Instagram.com/realDonaldTrump', 'indices': [0, 23]}]}, 'description': {'urls': []}}, protected=False, followers_count=55128105, friends_count=47, listed_count=94784, created_at=datetime.datetime(2009, 3, 18, 13, 46, 38), favourites_count=25, utc_offset=None, time_zone=None, geo_enabled=True, verified=True, statuses_count=39274, lang='en', contributors_enabled=False, is_translator=False, is_translation_enabled=True, profile_background_color='6D5C18', profile_background_image_url='http://abs.twimg.com/images/themes/theme1/bg.png', profile_background_image_url_https='https://abs.twimg.com/images/themes/theme1/bg.png', profile_background_tile=True, profile_image_url='http://pbs.twimg.com/profile_images/874276197357596672/kUuht00m_normal.jpg', profile_image_url_https='https://pbs.twimg.com/profile_images/874276197357596672/kUuht00m_normal.jpg', profile_banner_url='https://pbs.twimg.com/profile_banners/25073877/1539493274', profile_link_color='1B95E0', profile_sidebar_border_color='BDDCAD', profile_sidebar_fill_color='C5CEC0', profile_text_color='333333', profile_use_background_image=True, has_extended_profile=False, default_profile=False, default_profile_image=False, following=False, follow_request_sent=False, notifications=False, translator_type='regular')>"
location,"Washington, DC"
name,Donald J. Trump
notifications,False
parse,<bound method User.parse of <class 'tweepy.models.User'>>
parse_list,<bound method User.parse_list of <class 'tweepy.models.User'>>
profile_background_color,6D5C18
profile_background_image_url,http://abs.twimg.com/images/themes/theme1/bg.png
profile_background_image_url_https,https://abs.twimg.com/images/themes/theme1/bg.png
profile_background_tile,True
profile_banner_url,https://pbs.twimg.com/profile_banners/25073877/1539493274
profile_image_url,http://pbs.twimg.com/profile_images/874276197357596672/kUuht00m_normal.jpg
profile_image_url_https,https://pbs.twimg.com/profile_images/874276197357596672/kUuht00m_normal.jpg
profile_link_color,1B95E0
profile_sidebar_border_color,BDDCAD
profile_sidebar_fill_color,C5CEC0
profile_text_color,333333
profile_use_background_image,True
protected,False
screen_name,realDonaldTrump
statuses_count,39274
time_zone,
timeline,"<bound method User.timeline of User(_api=<tweepy.api.API object at 0x0000020744B16668>, _json={'id': 25073877, 'id_str': '25073877', 'name': 'Donald J. Trump', 'screen_name': 'realDonaldTrump', 'location': 'Washington, DC', 'description': '45th President of the United States of America??', 'url': 'https://t.co/OMxB0x7xC5', 'entities': {'url': {'urls': [{'url': 'https://t.co/OMxB0x7xC5', 'expanded_url': 'http://www.Instagram.com/realDonaldTrump', 'display_url': 'Instagram.com/realDonaldTrump', 'indices': [0, 23]}]}, 'description': {'urls': []}}, 'protected': False, 'followers_count': 55128105, 'friends_count': 47, 'listed_count': 94784, 'created_at': 'Wed Mar 18 13:46:38 +0000 2009', 'favourites_count': 25, 'utc_offset': None, 'time_zone': None, 'geo_enabled': True, 'verified': True, 'statuses_count': 39274, 'lang': 'en', 'contributors_enabled': False, 'is_translator': False, 'is_translation_enabled': True, 'profile_background_color': '6D5C18', 'profile_background_image_url': 'http://abs.twimg.com/images/themes/theme1/bg.png', 'profile_background_image_url_https': 'https://abs.twimg.com/images/themes/theme1/bg.png', 'profile_background_tile': True, 'profile_image_url': 'http://pbs.twimg.com/profile_images/874276197357596672/kUuht00m_normal.jpg', 'profile_image_url_https': 'https://pbs.twimg.com/profile_images/874276197357596672/kUuht00m_normal.jpg', 'profile_banner_url': 'https://pbs.twimg.com/profile_banners/25073877/1539493274', 'profile_link_color': '1B95E0', 'profile_sidebar_border_color': 'BDDCAD', 'profile_sidebar_fill_color': 'C5CEC0', 'profile_text_color': '333333', 'profile_use_background_image': True, 'has_extended_profile': False, 'default_profile': False, 'default_profile_image': False, 'following': False, 'follow_request_sent': False, 'notifications': False, 'translator_type': 'regular'}, id=25073877, id_str='25073877', name='Donald J. Trump', screen_name='realDonaldTrump', location='Washington, DC', description='45th President of the United States of America??', url='https://t.co/OMxB0x7xC5', entities={'url': {'urls': [{'url': 'https://t.co/OMxB0x7xC5', 'expanded_url': 'http://www.Instagram.com/realDonaldTrump', 'display_url': 'Instagram.com/realDonaldTrump', 'indices': [0, 23]}]}, 'description': {'urls': []}}, protected=False, followers_count=55128105, friends_count=47, listed_count=94784, created_at=datetime.datetime(2009, 3, 18, 13, 46, 38), favourites_count=25, utc_offset=None, time_zone=None, geo_enabled=True, verified=True, statuses_count=39274, lang='en', contributors_enabled=False, is_translator=False, is_translation_enabled=True, profile_background_color='6D5C18', profile_background_image_url='http://abs.twimg.com/images/themes/theme1/bg.png', profile_background_image_url_https='https://abs.twimg.com/images/themes/theme1/bg.png', profile_background_tile=True, profile_image_url='http://pbs.twimg.com/profile_images/874276197357596672/kUuht00m_normal.jpg', profile_image_url_https='https://pbs.twimg.com/profile_images/874276197357596672/kUuht00m_normal.jpg', profile_banner_url='https://pbs.twimg.com/profile_banners/25073877/1539493274', profile_link_color='1B95E0', profile_sidebar_border_color='BDDCAD', profile_sidebar_fill_color='C5CEC0', profile_text_color='333333', profile_use_background_image=True, has_extended_profile=False, default_profile=False, default_profile_image=False, following=False, follow_request_sent=False, notifications=False, translator_type='regular')>"
translator_type,regular
unfollow,"<bound method User.unfollow of User(_api=<tweepy.api.API object at 0x0000020744B16668>, _json={'id': 25073877, 'id_str': '25073877', 'name': 'Donald J. Trump', 'screen_name': 'realDonaldTrump', 'location': 'Washington, DC', 'description': '45th President of the United States of America??', 'url': 'https://t.co/OMxB0x7xC5', 'entities': {'url': {'urls': [{'url': 'https://t.co/OMxB0x7xC5', 'expanded_url': 'http://www.Instagram.com/realDonaldTrump', 'display_url': 'Instagram.com/realDonaldTrump', 'indices': [0, 23]}]}, 'description': {'urls': []}}, 'protected': False, 'followers_count': 55128105, 'friends_count': 47, 'listed_count': 94784, 'created_at': 'Wed Mar 18 13:46:38 +0000 2009', 'favourites_count': 25, 'utc_offset': None, 'time_zone': None, 'geo_enabled': True, 'verified': True, 'statuses_count': 39274, 'lang': 'en', 'contributors_enabled': False, 'is_translator': False, 'is_translation_enabled': True, 'profile_background_color': '6D5C18', 'profile_background_image_url': 'http://abs.twimg.com/images/themes/theme1/bg.png', 'profile_background_image_url_https': 'https://abs.twimg.com/images/themes/theme1/bg.png', 'profile_background_tile': True, 'profile_image_url': 'http://pbs.twimg.com/profile_images/874276197357596672/kUuht00m_normal.jpg', 'profile_image_url_https': 'https://pbs.twimg.com/profile_images/874276197357596672/kUuht00m_normal.jpg', 'profile_banner_url': 'https://pbs.twimg.com/profile_banners/25073877/1539493274', 'profile_link_color': '1B95E0', 'profile_sidebar_border_color': 'BDDCAD', 'profile_sidebar_fill_color': 'C5CEC0', 'profile_text_color': '333333', 'profile_use_background_image': True, 'has_extended_profile': False, 'default_profile': False, 'default_profile_image': False, 'following': False, 'follow_request_sent': False, 'notifications': False, 'translator_type': 'regular'}, id=25073877, id_str='25073877', name='Donald J. Trump', screen_name='realDonaldTrump', location='Washington, DC', description='45th President of the United States of America??', url='https://t.co/OMxB0x7xC5', entities={'url': {'urls': [{'url': 'https://t.co/OMxB0x7xC5', 'expanded_url': 'http://www.Instagram.com/realDonaldTrump', 'display_url': 'Instagram.com/realDonaldTrump', 'indices': [0, 23]}]}, 'description': {'urls': []}}, protected=False, followers_count=55128105, friends_count=47, listed_count=94784, created_at=datetime.datetime(2009, 3, 18, 13, 46, 38), favourites_count=25, utc_offset=None, time_zone=None, geo_enabled=True, verified=True, statuses_count=39274, lang='en', contributors_enabled=False, is_translator=False, is_translation_enabled=True, profile_background_color='6D5C18', profile_background_image_url='http://abs.twimg.com/images/themes/theme1/bg.png', profile_background_image_url_https='https://abs.twimg.com/images/themes/theme1/bg.png', profile_background_tile=True, profile_image_url='http://pbs.twimg.com/profile_images/874276197357596672/kUuht00m_normal.jpg', profile_image_url_https='https://pbs.twimg.com/profile_images/874276197357596672/kUuht00m_normal.jpg', profile_banner_url='https://pbs.twimg.com/profile_banners/25073877/1539493274', profile_link_color='1B95E0', profile_sidebar_border_color='BDDCAD', profile_sidebar_fill_color='C5CEC0', profile_text_color='333333', profile_use_background_image=True, has_extended_profile=False, default_profile=False, default_profile_image=False, following=False, follow_request_sent=False, notifications=False, translator_type='regular')>"
url,https://t.co/OMxB0x7xC5
utc_offset,
verified,True
